Gene,chr1,POS,ID
EPHA5,chr4,66535528,rs138474519
PRX,chr19,40902852,None
PRX,chr19,40902821,None
PRX,chr19,40902844,None
PRX,chr19,40902848,None
PRX,chr19,40901647,rs201389706
PRX,chr19,40902776,rs146789340
PRX,chr19,40902809,None
TRPV4,chr19,110238534,rs370289434
TRPV4,chr19,110240838,rs3825394
SLCO1B3,chr12,21196411,rs12321909
NTRK1,chr1,156828358,rs140915043
NTRK2,chr2,156786487,rs142614264
AARS,chr16,70287883,rs147319762
DHTKD1,chr10,12111090,rs1279138
DHTKD2,chr10,12111138,None
DHTKD3,chr12,12111150,None
KIF1B,chr1,10425476,rs78662124
SCN9A,chr2,167055393,rs3750904
